https://ja.aliexpress.com/item/1005007408073040.html,https://ae-pic-a1.aliexpress-media.com/kf/Seb68f27678284b29be3dd3f2ad188f6bw.jpg_220x220q75.jpg_.avif
https://ja.aliexpress.com/item/1005007408073040.html,https://ae-pic-a1.aliexpress-media.com/kf/S9b51bab8894e4aaba7f8b4bc92d91c02s.jpg_220x220q75.jpg_.avif
https://ja.aliexpress.com/item/1005007408073040.html,https://ae-pic-a1.aliexpress-media.com/kf/Seae2c4aebb6a4e79a6a97f0f9762227e7.jpg_220x220q75.jpg_.avif
https://ja.aliexpress.com/item/1005007408073040.html,https://ae-pic-a1.aliexpress-media.com/kf/S19e1dc6af1c14524b2930a4c12835d34z.jpg_220x220q75.jpg_.avif
https://ja.aliexpress.com/item/1005007408073040.html,https://ae-pic-a1.aliexpress-media.com/kf/S9e497a935da241a89380474536407ec97.jpg_220x220q75.jpg_.avif
https://ja.aliexpress.com/item/1005007408073040.html,https://ae-pic-a1.aliexpress-media.com/kf/S11e5583232914e46ab48c452e2cf1517f.jpg_220x220q75.jpg_.avif
https://ja.aliexpress.com/item/1005007408073040.html,https://ae-pic-a1.aliexpress-media.com/kf/S9b51bab8894e4aaba7f8b4bc92d91c02s.jpg_220x220q75.jpg_.avif
https://ja.aliexpress.com/item/1005007408073040.html,https://ae-pic-a1.aliexpress-media.com/kf/Seb68f27678284b29be3dd3f2ad188f6bw.jpg_960x960q75.jpg_.avif
https://ja.aliexpress.com/item/1005007408073040.html,https://ae-pic-a1.aliexpress-media.com/kf/Sd43c56c95a47420ba74ce0bb85be057cT/648x144.png_.avif
https://ja.aliexpress.com/item/1005007408073040.html,https://ae-pic-a1.aliexpress-media.com/kf/S9b51bab8894e4aaba7f8b4bc92d91c02s.jpg_220x220q75.jpg_.avif
https://ja.aliexpress.com/item/1005007408073040.html,https://ae-pic-a1.aliexpress-media.com/kf/Se2e264da000049a5a5a22db8342d98b0h/Campingmoon-XD-6-Stainless-Steel-Fire-Torch-for-Outdoor-Camping-and-Barbecue-Camping-Gear.jpg_350x350xz.jpg_.webp
https://ja.aliexpress.com/item/1005007408073040.html,https://ae-pic-a1.aliexpress-media.com/kf/S2447cde7cebc4edc886be737a5bc8504Y/TARKA-Ultralight-Lantern-Stand-Tabletop-Light-Holder-Light-Hanger-Portable-Detachable-Outdoor-Tourist-Lighting-Lantern-Hangers.jpg_350x350xz.jpg_.webp
https://ja.aliexpress.com/item/1005007408073040.html,https://ae-pic-a1.aliexpress-media.com/kf/S7d1eb11426114596ae0af0aa6ac58c2aW/CAMPINGMOON-Gas-Cylinder-Puncher-Easy-to-Seal-Gas-Cylinder-can-be-Hung-on-Keychain-Cancer-Caliper.jpg_350x350xz.jpg_.webp
https://ja.aliexpress.com/item/1005007408073040.html,https://ae-pic-a1.aliexpress-media.com/kf/Sfff8e70009c7497ebe778d96c861d628i/Campingmoon-Outdoor-Portable-Folding-Garden-Stainless-Steel-BBQ-Grill-Camping-Portable-foldable-outdoor-camping-BBQ-Grill.jpg_350x350xz.jpg_.webp
https://ja.aliexpress.com/item/1005007408073040.html,https://ae-pic-a1.aliexpress-media.com/kf/Sab6f5fb7e0b145dca89797f038062e19X/WELLHIKE-Spider-Stove-Black-Spider-Folding-Card-Stove-Camping-Tableware-Camping-Kitchenware-Camping-Barbecue-Stove-Gas.jpg_350x350xz.jpg_.webp
https://ja.aliexpress.com/item/1005007408073040.html,https://ae-pic-a1.aliexpress-media.com/kf/Se2e264da000049a5a5a22db8342d98b0h/Campingmoon-XD-6-Stainless-Steel-Fire-Torch-for-Outdoor-Camping-and-Barbecue-Camping-Gear.jpg_350x350xz.jpg_.webp
https://ja.aliexpress.com/item/1005007408073040.html,https://ae-pic-a1.aliexpress-media.com/kf/S2447cde7cebc4edc886be737a5bc8504Y/TARKA-Ultralight-Lantern-Stand-Tabletop-Light-Holder-Light-Hanger-Portable-Detachable-Outdoor-Tourist-Lighting-Lantern-Hangers.jpg_350x350xz.jpg_.webp
https://ja.aliexpress.com/item/1005007408073040.html,https://ae-pic-a1.aliexpress-media.com/kf/S7d1eb11426114596ae0af0aa6ac58c2aW/CAMPINGMOON-Gas-Cylinder-Puncher-Easy-to-Seal-Gas-Cylinder-can-be-Hung-on-Keychain-Cancer-Caliper.jpg_350x350xz.jpg_.webp
https://ja.aliexpress.com/item/1005007408073040.html,https://ae-pic-a1.aliexpress-media.com/kf/Sfff8e70009c7497ebe778d96c861d628i/Campingmoon-Outdoor-Portable-Folding-Garden-Stainless-Steel-BBQ-Grill-Camping-Portable-foldable-outdoor-camping-BBQ-Grill.jpg_350x350xz.jpg_.webp
https://ja.aliexpress.com/item/1005007408073040.html,https://ae-pic-a1.aliexpress-media.com/kf/Sab6f5fb7e0b145dca89797f038062e19X/WELLHIKE-Spider-Stove-Black-Spider-Folding-Card-Stove-Camping-Tableware-Camping-Kitchenware-Camping-Barbecue-Stove-Gas.jpg_350x350xz.jpg_.webp
https://ja.aliexpress.com/item/1005007408073040.html,https://ae-pic-a1.aliexpress-media.com/kf/S47ea903b3b7a441087bea451695cc7a2x/144x144.png_.webp
https://ja.aliexpress.com/item/1005007408073040.html,https://ae-pic-a1.aliexpress-media.com/kf/A194b42c3f4c84780ad0929be6b7c0641A.jpg_220x220.jpg_.webp
https://ja.aliexpress.com/item/1005007408073040.html,https://ae-pic-a1.aliexpress-media.com/kf/UT8j.MfX8laXXagOFbXP.jpg_220x220.jpg_.webp
https://ja.aliexpress.com/item/1005007408073040.html,https://ae-pic-a1.aliexpress-media.com/kf/Add16d5f03ab840cbbf667a75029ca3f0u.jpg_220x220.jpg_.webp
https://ja.aliexpress.com/item/1005007408073040.html,https://ae-pic-a1.aliexpress-media.com/kf/U9becfb3cf6e841799fa89b0b01a68d3eQ.jpg_220x220.jpg_.webp
https://ja.aliexpress.com/item/1005007408073040.html,https://ae-pic-a1.aliexpress-media.com/kf/Ae1424e1e30fb4d92aac9a6606a96247dR.jpg_220x220.jpg_.webp
https://ja.aliexpress.com/item/1005007408073040.html,https://ae-pic-a1.aliexpress-media.com/kf/U82efda299dbc45b696178489ca889a3b0.jpg_220x220.jpg_.webp
https://ja.aliexpress.com/item/1005007408073040.html,https://ae-pic-a1.aliexpress-media.com/kf/Ab720a37631a14b46b9cc4b71dfcf3100B.jpg_220x220.jpg_.webp
https://ja.aliexpress.com/item/1005007408073040.html,https://ae-pic-a1.aliexpress-media.com/kf/A816d98a5be0a40f7bbefc5daa54698abh.jpg_220x220.jpg_.webp
https://ja.aliexpress.com/item/1005007408073040.html,https://ae-pic-a1.aliexpress-media.com/kf/A503a1b9b8c29414f8e8f8afc44c888d48.jpg_220x220.jpg_.webp
https://ja.aliexpress.com/item/1005007408073040.html,https://ae-pic-a1.aliexpress-media.com/kf/Abc26eabca0614dd18de0f8c25cd06dc3q.jpg_220x220.jpg_.webp
https://ja.aliexpress.com/item/1005007408073040.html,https://ae-pic-a1.aliexpress-media.com/kf/A7f945eb2c7f54fe9aef3cc56de19d411B.jpg_220x220.jpg_.webp
https://ja.aliexpress.com/item/1005007408073040.html,https://sc04.alicdn.com/kf/H1ad50dc3936d4bb9aecb1891774e0efbw/239077314/H1ad50dc3936d4bb9aecb1891774e0efbw.jpg
https://ja.aliexpress.com/item/1005007408073040.html,https://sc04.alicdn.com/kf/Hf422b5e4fe7d430eba28325f33be1c50t/239077314/Hf422b5e4fe7d430eba28325f33be1c50t.jpg
https://ja.aliexpress.com/item/1005007408073040.html,https://sc04.alicdn.com/kf/H9b70829bdeba449d944a54d724b3648es/239077314/H9b70829bdeba449d944a54d724b3648es.jpg
https://ja.aliexpress.com/item/1005007408073040.html,https://sc04.alicdn.com/kf/H70f2a1eae2de412d86c75501125519c6v/239077314/H70f2a1eae2de412d86c75501125519c6v.jpg
https://ja.aliexpress.com/item/1005007408073040.html,https://sc04.alicdn.com/kf/Hf04fd496c2ea415cbc3ad658da621f1cd/239077314/Hf04fd496c2ea415cbc3ad658da621f1cd.jpg
https://ja.aliexpress.com/item/1005007408073040.html,https://sc04.alicdn.com/kf/H77738274e0ad47948299cfadf67594d7z/239077314/H77738274e0ad47948299cfadf67594d7z.jpg
https://ja.aliexpress.com/item/1005007408073040.html,https://sc04.alicdn.com/kf/Hff2e612716924f7e8efb1d50ef0d395eg/239077314/Hff2e612716924f7e8efb1d50ef0d395eg.jpg
https://ja.aliexpress.com/item/1005007408073040.html,https://sc04.alicdn.com/kf/Hfe13c176e4ff4e50a11790109fcd089ei/239077314/Hfe13c176e4ff4e50a11790109fcd089ei.jpg
https://ja.aliexpress.com/item/1005007408073040.html,https://sc04.alicdn.com/kf/Ha62561263fef4d1798f53017443e9ba2P/239077314/Ha62561263fef4d1798f53017443e9ba2P.jpg
https://ja.aliexpress.com/item/1005007408073040.html,https://sc04.alicdn.com/kf/Hea2310d122b74e5ebe95f3d66f5a7fcbv/239077314/Hea2310d122b74e5ebe95f3d66f5a7fcbv.jpg
https://ja.aliexpress.com/item/1005007408073040.html,https://sc04.alicdn.com/kf/He3dd504f845a466890b9364ae46a38063/239077314/He3dd504f845a466890b9364ae46a38063.jpg
https://ja.aliexpress.com/item/1005007408073040.html,https://sc04.alicdn.com/kf/H16b442699971456fbc9f04813b1df3e9e/239077314/H16b442699971456fbc9f04813b1df3e9e.jpg